<?xml version="1.0"?>
<ruleset xmlns:xsi="http://www.w3.org/2001/XMLSchema-instance" name="Rimsys" xsi:noNamespaceSchemaLocation="https://raw.githubusercontent.com/squizlabs/PHP_CodeSniffer/master/phpcs.xsd">
  <description>The LaraNuxt Ruleset</description>

  <rule ref="PSR12"/>

  <rule ref="PSR12.Traits.UseDeclaration">
    <exclude name="PSR12.Traits.UseDeclaration.MultipleImport" />
  </rule>
  <rule ref="PSR12.Classes.ClassInstantiation.MissingParentheses">
    <exclude name="PSR12.Classes.ClassInstantiation.MissingParentheses" />
  </rule>

  <arg name="colors"/>

  <file>app</file>
  <file>config</file>
  <file>public</file>
  <file>resources</file>
  <file>routes</file>
  <file>tests</file>

  <exclude-pattern>*/.phpstorm.meta.php</exclude-pattern>
  <exclude-pattern>*/*.blade.php</exclude-pattern>
  <exclude-pattern>*/public/index.php</exclude-pattern>
  <exclude-pattern>*/database/*</exclude-pattern>
  <exclude-pattern>*/cache/*</exclude-pattern>
  <exclude-pattern>*/*.js</exclude-pattern>
  <exclude-pattern>*/*.css</exclude-pattern>
  <exclude-pattern>*/*.xml</exclude-pattern>


</ruleset>
